{
  "brier": 0.2271834814367639,
  "logloss": 0.6462102106462159
}